date,tag,asset,downloads
2026-09-28,"v1.0.0-beta3","virtaal-1.0.0-beta3-setup.exe",14
2026-09-28,"v1.0.0-beta3","Virtaal-macos-arm64.dmg",3
2026-09-28,"v1.0.0-beta3","Virtaal-macos-x86_64.dmg",0
2026-09-28,"v1.0.0-beta2","virtaal-1.0.0-beta2-setup.exe",38
2026-09-28,"v1.0.0-beta2","Virtaal-macos-arm64.dmg",5
2026-09-28,"v1.0.0-beta2","Virtaal-macos-x86_64.dmg",2
2026-09-28,"v1.0.0-beta1","virtaal-1.0.0-beta1-setup.exe",23
2026-09-28,"v1.0.0-beta1","Virtaal-macos-arm64.dmg",6
2026-09-28,"v1.0.0-beta1","Virtaal-macos-x86_64.dmg",2
2026-09-28,"0.7.1","README.rst",0
2026-09-28,"0.7.1","virtaal-0.7.1-1.fc16.noarch.rpm",0
2026-09-28,"0.7.1","Virtaal-0.7.1-Mac-Beta-2.dmg",0
2026-09-28,"0.7.1","Virtaal-0.7.1-setup.exe",3
2026-09-28,"0.7.1","virtaal-0.7.1.tar.bz2",0
2026-09-28,"0.7.0","README.rst",0
2026-09-28,"0.7.0","virtaal-0.7.0-1.mdv.noarch.rpm",0
2026-09-28,"0.7.0","Virtaal-0.7.0-Mac-Beta-2.dmg",0
2026-09-28,"0.7.0","Virtaal-0.7.0-setup.exe",0
2026-09-28,"0.7.0","virtaal-0.7.0.tar.bz2",0
2026-09-28,"0.7.0","virtaal_0.7.0-1_all.deb",0
2026-09-28,"0.6.1","RELEASE.txt",1
2026-09-28,"0.6.1","Virtaal-0.6.1-setup.exe",1
2026-09-28,"0.6.1","virtaal-0.6.1.tar.bz2",1
2026-09-28,"0.6.0","RELEASE.txt",0
2026-09-28,"0.6.0","Virtaal-0.6.0-setup.exe",0
2026-09-28,"0.6.0","virtaal-0.6.0.tar.bz2",0
2026-09-28,"0.5.2","RELEASE.txt",1
2026-09-28,"0.5.2","Virtaal-0.5.2-ms-setup.exe",1
2026-09-28,"0.5.2","Virtaal-0.5.2-setup.exe",1
2026-09-28,"0.5.2","virtaal-0.5.2.tar.bz2",1
2026-09-28,"0.5.1","RELEASE.txt",0
2026-09-28,"0.5.1","virtaal-0.5.1-1.fc12.noarch.rpm",0
2026-09-28,"0.5.1","Virtaal-0.5.1-setup.exe",0
2026-09-28,"0.5.1","virtaal-0.5.1.tar.bz2",0
2026-09-28,"0.5.0","RELEASE.txt",1
2026-09-28,"0.5.0","virtaal-0.5.0-1.fc12.noarch.rpm",1
2026-09-28,"0.5.0","Virtaal-0.5.0-setup.exe",1
2026-09-28,"0.5.0","virtaal-0.5.0.tar.bz2",1
2026-09-28,"0.4.1","RELEASE-virtaal-0.4.1.txt",1
2026-09-28,"0.4.1","virtaal-0.4.1-1.fc11.noarch.rpm",2
2026-09-28,"0.4.1","virtaal-0.4.1-1.mdv2009.1.noarch.rpm",2
2026-09-28,"0.4.1","Virtaal-0.4.1-setup.exe",2
2026-09-28,"0.4.1","virtaal-0.4.1.tar.bz2",2
2026-09-28,"0.4.0","RELEASE",2
2026-09-28,"0.4.0","virtaal-0.4.0-1.fc11.noarch.rpm",2
2026-09-28,"0.4.0","virtaal-0.4.0-1.mdv2009.1.noarch.rpm",2
2026-09-28,"0.4.0","Virtaal-0.4.0-setup.exe",2
2026-09-28,"0.4.0","virtaal-0.4.0.tar.bz2",2
2026-09-28,"0.4.0","virtaal_0.4.0-1_all.deb",2
2026-09-28,"0.3.1","virtaal-0.3.1-1.fc10.noarch.rpm",2
2026-09-28,"0.3.1","virtaal-0.3.1-1mdv.rpm",2
2026-09-28,"0.3.1","Virtaal-0.3.1-setup.exe",2
2026-09-28,"0.3.1","virtaal-0.3.1.tar.bz2",2
2026-09-28,"0.3.1","virtaal_0.3.1-1_all.deb",2
2026-09-28,"0.3.0","virtaal-0.3.0-1.fc10.noarch.rpm",0
2026-09-28,"0.3.0","virtaal-0.3.0-1mdv.rpm",0
2026-09-28,"0.3.0","Virtaal-0.3.0-setup.exe",0
2026-09-28,"0.3.0","virtaal-0.3.0.tar.bz2",0
2026-09-28,"0.3.0","virtaal_0.3.0-1_all.deb",0
2026-09-28,"0.2","virtaal-0.2-1.fc9.noarch.rpm",0
2026-09-28,"0.2","virtaal-0.2-1.fc9.src.rpm",0
2026-09-28,"0.2","virtaal-0.2-1mdv.rpm",0
2026-09-28,"0.2","Virtaal-0.2-setup.exe",0
2026-09-28,"0.2","virtaal-0.2.tar.bz2",0
2026-09-28,"0.2","virtaal_0.2-1_all.deb",0
2026-09-29,"v1.0.0-beta3","virtaal-1.0.0-beta3-setup.exe",16
2026-09-29,"v1.0.0-beta3","Virtaal-macos-arm64.dmg",4
2026-09-29,"v1.0.0-beta3","Virtaal-macos-x86_64.dmg",0
2026-09-29,"v1.0.0-beta2","virtaal-1.0.0-beta2-setup.exe",38
2026-09-29,"v1.0.0-beta2","Virtaal-macos-arm64.dmg",5
2026-09-29,"v1.0.0-beta2","Virtaal-macos-x86_64.dmg",2
2026-09-29,"v1.0.0-beta1","virtaal-1.0.0-beta1-setup.exe",23
2026-09-29,"v1.0.0-beta1","Virtaal-macos-arm64.dmg",6
2026-09-29,"v1.0.0-beta1","Virtaal-macos-x86_64.dmg",2
2026-09-29,"0.7.1","README.rst",0
2026-09-29,"0.7.1","virtaal-0.7.1-1.fc16.noarch.rpm",0
2026-09-29,"0.7.1","Virtaal-0.7.1-Mac-Beta-2.dmg",0
2026-09-29,"0.7.1","Virtaal-0.7.1-setup.exe",3
2026-09-29,"0.7.1","virtaal-0.7.1.tar.bz2",0
2026-09-29,"0.7.0","README.rst",0
2026-09-29,"0.7.0","virtaal-0.7.0-1.mdv.noarch.rpm",0
2026-09-29,"0.7.0","Virtaal-0.7.0-Mac-Beta-2.dmg",0
2026-09-29,"0.7.0","Virtaal-0.7.0-setup.exe",0
2026-09-29,"0.7.0","virtaal-0.7.0.tar.bz2",0
2026-09-29,"0.7.0","virtaal_0.7.0-1_all.deb",0
2026-09-29,"0.6.1","RELEASE.txt",1
2026-09-29,"0.6.1","Virtaal-0.6.1-setup.exe",1
2026-09-29,"0.6.1","virtaal-0.6.1.tar.bz2",1
2026-09-29,"0.6.0","RELEASE.txt",0
2026-09-29,"0.6.0","Virtaal-0.6.0-setup.exe",0
2026-09-29,"0.6.0","virtaal-0.6.0.tar.bz2",0
2026-09-29,"0.5.2","RELEASE.txt",1
2026-09-29,"0.5.2","Virtaal-0.5.2-ms-setup.exe",1
2026-09-29,"0.5.2","Virtaal-0.5.2-setup.exe",1
2026-09-29,"0.5.2","virtaal-0.5.2.tar.bz2",1
2026-09-29,"0.5.1","RELEASE.txt",0
2026-09-29,"0.5.1","virtaal-0.5.1-1.fc12.noarch.rpm",0
2026-09-29,"0.5.1","Virtaal-0.5.1-setup.exe",0
2026-09-29,"0.5.1","virtaal-0.5.1.tar.bz2",0
2026-09-29,"0.5.0","RELEASE.txt",1
2026-09-29,"0.5.0","virtaal-0.5.0-1.fc12.noarch.rpm",1
2026-09-29,"0.5.0","Virtaal-0.5.0-setup.exe",1
2026-09-29,"0.5.0","virtaal-0.5.0.tar.bz2",1
2026-09-29,"0.4.1","RELEASE-virtaal-0.4.1.txt",1
2026-09-29,"0.4.1","virtaal-0.4.1-1.fc11.noarch.rpm",2
2026-09-29,"0.4.1","virtaal-0.4.1-1.mdv2009.1.noarch.rpm",2
2026-09-29,"0.4.1","Virtaal-0.4.1-setup.exe",2
2026-09-29,"0.4.1","virtaal-0.4.1.tar.bz2",2
2026-09-29,"0.4.0","RELEASE",2
2026-09-29,"0.4.0","virtaal-0.4.0-1.fc11.noarch.rpm",2
2026-09-29,"0.4.0","virtaal-0.4.0-1.mdv2009.1.noarch.rpm",2
2026-09-29,"0.4.0","Virtaal-0.4.0-setup.exe",2
2026-09-29,"0.4.0","virtaal-0.4.0.tar.bz2",2
2026-09-29,"0.4.0","virtaal_0.4.0-1_all.deb",2
2026-09-29,"0.3.1","virtaal-0.3.1-1.fc10.noarch.rpm",2
2026-09-29,"0.3.1","virtaal-0.3.1-1mdv.rpm",2
2026-09-29,"0.3.1","Virtaal-0.3.1-setup.exe",2
2026-09-29,"0.3.1","virtaal-0.3.1.tar.bz2",2
2026-09-29,"0.3.1","virtaal_0.3.1-1_all.deb",2
2026-09-29,"0.3.0","virtaal-0.3.0-1.fc10.noarch.rpm",0
2026-09-29,"0.3.0","virtaal-0.3.0-1mdv.rpm",0
2026-09-29,"0.3.0","Virtaal-0.3.0-setup.exe",0
2026-09-29,"0.3.0","virtaal-0.3.0.tar.bz2",0
2026-09-29,"0.3.0","virtaal_0.3.0-1_all.deb",0
2026-09-29,"0.2","virtaal-0.2-1.fc9.noarch.rpm",0
2026-09-29,"0.2","virtaal-0.2-1.fc9.src.rpm",0
2026-09-29,"0.2","virtaal-0.2-1mdv.rpm",0
2026-09-29,"0.2","Virtaal-0.2-setup.exe",0
2026-09-29,"0.2","virtaal-0.2.tar.bz2",0
2026-09-29,"0.2","virtaal_0.2-1_all.deb",0
2026-09-30,"v1.0.0-beta3","virtaal-1.0.0-beta3-setup.exe",20
2026-09-30,"v1.0.0-beta3","Virtaal-macos-arm64.dmg",4
2026-09-30,"v1.0.0-beta3","Virtaal-macos-x86_64.dmg",0
2026-09-30,"v1.0.0-beta2","virtaal-1.0.0-beta2-setup.exe",38
2026-09-30,"v1.0.0-beta2","Virtaal-macos-arm64.dmg",5
2026-09-30,"v1.0.0-beta2","Virtaal-macos-x86_64.dmg",2
2026-09-30,"v1.0.0-beta1","virtaal-1.0.0-beta1-setup.exe",23
2026-09-30,"v1.0.0-beta1","Virtaal-macos-arm64.dmg",6
2026-09-30,"v1.0.0-beta1","Virtaal-macos-x86_64.dmg",2
2026-09-30,"0.7.1","README.rst",0
2026-09-30,"0.7.1","virtaal-0.7.1-1.fc16.noarch.rpm",0
2026-09-30,"0.7.1","Virtaal-0.7.1-Mac-Beta-2.dmg",0
2026-09-30,"0.7.1","Virtaal-0.7.1-setup.exe",3
2026-09-30,"0.7.1","virtaal-0.7.1.tar.bz2",0
2026-09-30,"0.7.0","README.rst",0
2026-09-30,"0.7.0","virtaal-0.7.0-1.mdv.noarch.rpm",0
2026-09-30,"0.7.0","Virtaal-0.7.0-Mac-Beta-2.dmg",0
2026-09-30,"0.7.0","Virtaal-0.7.0-setup.exe",0
2026-09-30,"0.7.0","virtaal-0.7.0.tar.bz2",0
2026-09-30,"0.7.0","virtaal_0.7.0-1_all.deb",0
2026-09-30,"0.6.1","RELEASE.txt",1
2026-09-30,"0.6.1","Virtaal-0.6.1-setup.exe",1
2026-09-30,"0.6.1","virtaal-0.6.1.tar.bz2",1
2026-09-30,"0.6.0","RELEASE.txt",0
2026-09-30,"0.6.0","Virtaal-0.6.0-setup.exe",0
2026-09-30,"0.6.0","virtaal-0.6.0.tar.bz2",0
2026-09-30,"0.5.2","RELEASE.txt",1
2026-09-30,"0.5.2","Virtaal-0.5.2-ms-setup.exe",1
2026-09-30,"0.5.2","Virtaal-0.5.2-setup.exe",1
2026-09-30,"0.5.2","virtaal-0.5.2.tar.bz2",1
2026-09-30,"0.5.1","RELEASE.txt",0
2026-09-30,"0.5.1","virtaal-0.5.1-1.fc12.noarch.rpm",0
2026-09-30,"0.5.1","Virtaal-0.5.1-setup.exe",0
2026-09-30,"0.5.1","virtaal-0.5.1.tar.bz2",0
2026-09-30,"0.5.0","RELEASE.txt",1
2026-09-30,"0.5.0","virtaal-0.5.0-1.fc12.noarch.rpm",1
2026-09-30,"0.5.0","Virtaal-0.5.0-setup.exe",1
2026-09-30,"0.5.0","virtaal-0.5.0.tar.bz2",1
2026-09-30,"0.4.1","RELEASE-virtaal-0.4.1.txt",1
2026-09-30,"0.4.1","virtaal-0.4.1-1.fc11.noarch.rpm",2
2026-09-30,"0.4.1","virtaal-0.4.1-1.mdv2009.1.noarch.rpm",2
2026-09-30,"0.4.1","Virtaal-0.4.1-setup.exe",2
2026-09-30,"0.4.1","virtaal-0.4.1.tar.bz2",2
2026-09-30,"0.4.0","RELEASE",2
2026-09-30,"0.4.0","virtaal-0.4.0-1.fc11.noarch.rpm",2
2026-09-30,"0.4.0","virtaal-0.4.0-1.mdv2009.1.noarch.rpm",2
2026-09-30,"0.4.0","Virtaal-0.4.0-setup.exe",2
2026-09-30,"0.4.0","virtaal-0.4.0.tar.bz2",2
2026-09-30,"0.4.0","virtaal_0.4.0-1_all.deb",2
2026-09-30,"0.3.1","virtaal-0.3.1-1.fc10.noarch.rpm",2
2026-09-30,"0.3.1","virtaal-0.3.1-1mdv.rpm",2
2026-09-30,"0.3.1","Virtaal-0.3.1-setup.exe",2
2026-09-30,"0.3.1","virtaal-0.3.1.tar.bz2",2
2026-09-30,"0.3.1","virtaal_0.3.1-1_all.deb",2
2026-09-30,"0.3.0","virtaal-0.3.0-1.fc10.noarch.rpm",0
2026-09-30,"0.3.0","virtaal-0.3.0-1mdv.rpm",0
2026-09-30,"0.3.0","Virtaal-0.3.0-setup.exe",0
2026-09-30,"0.3.0","virtaal-0.3.0.tar.bz2",0
2026-09-30,"0.3.0","virtaal_0.3.0-1_all.deb",0
2026-09-30,"0.2","virtaal-0.2-1.fc9.noarch.rpm",0
2026-09-30,"0.2","virtaal-0.2-1.fc9.src.rpm",0
2026-09-30,"0.2","virtaal-0.2-1mdv.rpm",0
2026-09-30,"0.2","Virtaal-0.2-setup.exe",0
2026-09-30,"0.2","virtaal-0.2.tar.bz2",0
2026-09-30,"0.2","virtaal_0.2-1_all.deb",0
